call_id,route,destination,status,duration_seconds,pdd_seconds,rbt_status,sip_code
100123,UK_1,United Kingdom,ANSWERED,47,2.69,OK,200
100415,DE_1,Germany,ANSWERED,1,2.0,OK,200
100657,FR_1,France,ANSWERED,54,6.7,MISSING,200
100020,UK_1,United Kingdom,ANSWERED,136,3.22,OK,200
100731,FR_1,France,ANSWERED,35,7.36,OK,200
100628,FR_1,France,ANSWERED,77,7.62,OK,200
100794,FR_1,France,NO_ANSWER,0,7.4,OK,408
100517,DE_1,Germany,ANSWERED,107,2.3,OK,200
101023,ES_1,Spain,NO_ANSWER,0,6.0,OK,408
100500,DE_1,Germany,ANSWERED,1,1.75,OK,200
100515,DE_1,Germany,NO_ANSWER,0,2.16,OK,408
100995,IT_1,Italy,ANSWERED,124,5.19,OK,200
100131,UK_1,United Kingdom,ANSWERED,104,2.34,OK,200
100314,UK_2,United Kingdom,NO_ANSWER,0,4.44,OK,408
100826,IT_1,Italy,ANSWERED,138,5.9,OK,200
100308,UK_2,United Kingdom,NO_ANSWER,0,3.67,OK,408
100104,UK_1,United Kingdom,BUSY,0,2.66,OK,486
100406,DE_1,Germany,ANSWERED,1,2.32,OK,200
101182,ES_1,Spain,ANSWERED,62,6.3,OK,200
100617,FR_1,France,ANSWERED,33,8.18,OK,200
101130,ES_1,Spain,ANSWERED,44,4.78,OK,200
100613,FR_1,France,NO_ANSWER,0,8.17,OK,408
100971,IT_1,Italy,ANSWERED,92,4.49,OK,200
100572,DE_1,Germany,ANSWERED,3,2.48,MISSING,200
100224,UK_2,United Kingdom,FAILED,0,4.32,OK,504
100976,IT_1,Italy,BUSY,0,5.36,OK,486
100766,FR_1,France,FAILED,0,8.39,MISSING,503
101000,ES_1,Spain,ANSWERED,132,4.48,OK,200
100435,DE_1,Germany,ANSWERED,3,2.63,OK,200
100786,FR_1,France,ANSWERED,22,6.69,OK,200
100372,UK_2,United Kingdom,NO_ANSWER,0,4.13,OK,408
100275,UK_2,United Kingdom,NO_ANSWER,0,4.02,OK,408
100176,UK_1,United Kingdom,ANSWERED,219,2.11,OK,200
100135,UK_1,United Kingdom,BUSY,0,2.73,OK,486
100985,IT_1,Italy,ANSWERED,157,6.01,OK,200
100411,DE_1,Germany,FAILED,0,2.06,MISSING,480
100041,UK_1,United Kingdom,ANSWERED,206,2.84,OK,200
100499,DE_1,Germany,FAILED,0,2.12,OK,480
100933,IT_1,Italy,ANSWERED,146,5.78,OK,200
100836,IT_1,Italy,ANSWERED,146,5.49,OK,200
100857,IT_1,Italy,FAILED,0,4.99,OK,503
100883,IT_1,Italy,BUSY,0,4.24,OK,486
100428,DE_1,Germany,FAILED,0,2.75,OK,480
100133,UK_1,United Kingdom,ANSWERED,51,2.46,OK,200
101109,ES_1,Spain,BUSY,0,3.33,MISSING,486
100221,UK_2,United Kingdom,NO_ANSWER,0,3.54,OK,408
101189,ES_1,Spain,ANSWERED,162,6.27,OK,200
100062,UK_1,United Kingdom,ANSWERED,223,2.67,OK,200
100964,IT_1,Italy,ANSWERED,38,4.23,OK,200
100616,FR_1,France,ANSWERED,55,8.03,OK,200
100441,DE_1,Germany,NO_ANSWER,0,2.23,OK,408
100506,DE_1,Germany,ANSWERED,83,2.25,OK,200
100819,IT_1,Italy,FAILED,0,4.78,OK,500
101106,ES_1,Spain,ANSWERED,68,5.0,OK,200
100699,FR_1,France,FAILED,0,7.93,MISSING,503
100911,IT_1,Italy,ANSWERED,65,4.43,OK,200
100621,FR_1,France,NO_ANSWER,0,8.32,OK,408
100607,FR_1,France,ANSWERED,59,6.76,OK,200
100381,UK_2,United Kingdom,NO_ANSWER,0,5.33,OK,408
100082,UK_1,United Kingdom,ANSWERED,102,2.06,OK,200
100829,IT_1,Italy,FAILED,0,6.01,OK,503
100117,UK_1,United Kingdom,NO_ANSWER,0,2.04,OK,408
100051,UK_1,United Kingdom,ANSWERED,121,3.08,OK,200
100614,FR_1,France,ANSWERED,75,6.93,OK,200
101068,ES_1,Spain,ANSWERED,21,5.34,MISSING,200
100071,UK_1,United Kingdom,ANSWERED,179,3.39,OK,200
100086,UK_1,United Kingdom,ANSWERED,113,2.38,OK,200
100527,DE_1,Germany,NO_ANSWER,0,1.85,OK,408
100553,DE_1,Germany,ANSWERED,3,2.11,OK,200
100944,IT_1,Italy,FAILED,0,4.59,OK,480
100434,DE_1,Germany,ANSWERED,2,2.76,OK,200
100965,IT_1,Italy,NO_ANSWER,0,5.92,OK,408
100201,UK_2,United Kingdom,FAILED,0,4.17,OK,503
100410,DE_1,Germany,FAILED,0,1.84,OK,503
101022,ES_1,Spain,FAILED,0,6.72,OK,480
100053,UK_1,United Kingdom,ANSWERED,98,3.2,OK,200
100892,IT_1,Italy,NO_ANSWER,0,4.5,OK,408
100150,UK_1,United Kingdom,ANSWERED,40,2.79,OK,200
100725,FR_1,France,FAILED,0,5.96,MISSING,503
100859,IT_1,Italy,ANSWERED,91,5.8,OK,200
100255,UK_2,United Kingdom,FAILED,0,5.08,OK,503
100317,UK_2,United Kingdom,ANSWERED,172,4.32,OK,200
100300,UK_2,United Kingdom,BUSY,0,4.35,OK,486
100129,UK_1,United Kingdom,NO_ANSWER,0,2.24,OK,408
100955,IT_1,Italy,NO_ANSWER,0,6.17,OK,408
100893,IT_1,Italy,ANSWERED,55,4.82,OK,200
100862,IT_1,Italy,BUSY,0,4.93,OK,486
100773,FR_1,France,FAILED,0,6.39,OK,503
100348,UK_2,United Kingdom,ANSWERED,179,3.54,OK,200
100547,DE_1,Germany,ANSWERED,99,1.81,OK,200
101177,ES_1,Spain,ANSWERED,73,4.88,OK,200
100285,UK_2,United Kingdom,ANSWERED,117,3.42,OK,200
100552,DE_1,Germany,ANSWERED,31,1.98,OK,200
100085,UK_1,United Kingdom,NO_ANSWER,0,2.73,OK,408
100497,DE_1,Germany,NO_ANSWER,0,1.42,OK,408
100754,FR_1,France,ANSWERED,48,5.79,OK,200
101140,ES_1,Spain,ANSWERED,133,6.24,OK,200
100187,UK_1,United Kingdom,ANSWERED,179,3.32,OK,200
100031,UK_1,United Kingdom,ANSWERED,195,2.28,OK,200
100378,UK_2,United Kingdom,NO_ANSWER,0,3.54,OK,408
100287,UK_2,United Kingdom,ANSWERED,56,5.29,OK,200
100493,DE_1,Germany,FAILED,0,1.81,MISSING,503
100112,UK_1,United Kingdom,NO_ANSWER,0,2.77,OK,408
100335,UK_2,United Kingdom,ANSWERED,55,3.22,OK,200
101178,ES_1,Spain,ANSWERED,102,3.5,OK,200
100534,DE_1,Germany,ANSWERED,43,2.68,OK,200
100654,FR_1,France,ANSWERED,31,7.97,OK,200
100096,UK_1,United Kingdom,NO_ANSWER,0,2.16,OK,408
100695,FR_1,France,NO_ANSWER,0,8.66,MISSING,408
100177,UK_1,United Kingdom,ANSWERED,230,2.9,OK,200
100543,DE_1,Germany,ANSWERED,2,2.15,OK,200
100333,UK_2,United Kingdom,ANSWERED,126,5.37,MISSING,200
100010,UK_1,United Kingdom,ANSWERED,127,2.72,OK,200
100896,IT_1,Italy,ANSWERED,66,4.29,OK,200
101156,ES_1,Spain,BUSY,0,3.4,OK,486
101132,ES_1,Spain,ANSWERED,125,3.33,OK,200
100334,UK_2,United Kingdom,ANSWERED,79,4.89,OK,200
101017,ES_1,Spain,ANSWERED,21,4.18,OK,200
100562,DE_1,Germany,ANSWERED,2,1.86,OK,200
100921,IT_1,Italy,ANSWERED,113,5.66,OK,200
100801,IT_1,Italy,ANSWERED,72,5.18,OK,200
101038,ES_1,Spain,NO_ANSWER,0,5.31,OK,408
100769,FR_1,France,BUSY,0,7.52,MISSING,486
100923,IT_1,Italy,NO_ANSWER,0,5.23,OK,408
100271,UK_2,United Kingdom,NO_ANSWER,0,5.36,OK,408
100502,DE_1,Germany,NO_ANSWER,0,2.37,OK,408
100979,IT_1,Italy,FAILED,0,5.66,OK,503
100353,UK_2,United Kingdom,NO_ANSWER,0,4.95,OK,408
100910,IT_1,Italy,BUSY,0,4.45,OK,486
100128,UK_1,United Kingdom,NO_ANSWER,0,2.52,OK,408
101086,ES_1,Spain,FAILED,0,4.06,MISSING,500
100127,UK_1,United Kingdom,BUSY,0,2.51,OK,486
100677,FR_1,France,FAILED,0,6.13,MISSING,480
100168,UK_1,United Kingdom,NO_ANSWER,0,2.34,OK,408
100470,DE_1,Germany,NO_ANSWER,0,2.27,OK,408
100732,FR_1,France,ANSWERED,59,7.14,OK,200
100902,IT_1,Italy,ANSWERED,37,4.42,OK,200
100443,DE_1,Germany,ANSWERED,1,2.3,OK,200
100215,UK_2,United Kingdom,ANSWERED,184,4.86,OK,200
100809,IT_1,Italy,NO_ANSWER,0,5.56,MISSING,408
101180,ES_1,Spain,ANSWERED,96,3.67,OK,200
100478,DE_1,Germany,ANSWERED,1,1.71,OK,200
100714,FR_1,France,NO_ANSWER,0,7.41,MISSING,408
100108,UK_1,United Kingdom,ANSWERED,139,2.32,OK,200
100519,DE_1,Germany,ANSWERED,109,1.59,OK,200
100601,FR_1,France,BUSY,0,8.7,MISSING,486
100373,UK_2,United Kingdom,ANSWERED,71,5.29,OK,200
100021,UK_1,United Kingdom,ANSWERED,70,2.19,OK,200
101199,ES_1,Spain,ANSWERED,36,5.7,OK,200
100530,DE_1,Germany,FAILED,0,2.63,OK,480
100269,UK_2,United Kingdom,NO_ANSWER,0,3.95,OK,408
100681,FR_1,France,FAILED,0,8.42,MISSING,480
100004,UK_1,United Kingdom,ANSWERED,174,2.47,OK,200
100730,FR_1,France,FAILED,0,6.04,MISSING,503
100997,IT_1,Italy,NO_ANSWER,0,5.56,OK,408
100034,UK_1,United Kingdom,ANSWERED,160,1.83,OK,200
100597,DE_1,Germany,FAILED,0,1.99,MISSING,504
100690,FR_1,France,FAILED,0,7.01,OK,480
100257,UK_2,United Kingdom,FAILED,0,4.65,OK,500
100867,IT_1,Italy,FAILED,0,4.95,OK,504
100785,FR_1,France,FAILED,0,6.4,OK,487
100481,DE_1,Germany,FAILED,0,1.95,OK,487
100770,FR_1,France,NO_ANSWER,0,8.73,OK,408
100048,UK_1,United Kingdom,ANSWERED,139,2.1,OK,200
101138,ES_1,Spain,FAILED,0,3.15,OK,503
100830,IT_1,Italy,ANSWERED,154,5.09,OK,200
100996,IT_1,Italy,ANSWERED,124,5.68,OK,200
100278,UK_2,United Kingdom,FAILED,0,3.86,OK,503
100735,FR_1,France,FAILED,0,6.93,MISSING,503
100698,FR_1,France,FAILED,0,6.21,OK,500
100172,UK_1,United Kingdom,ANSWERED,39,1.95,OK,200
100658,FR_1,France,NO_ANSWER,0,6.1,OK,408
100234,UK_2,United Kingdom,ANSWERED,34,3.48,OK,200
101082,ES_1,Spain,ANSWERED,40,5.48,OK,200
100869,IT_1,Italy,ANSWERED,110,5.59,OK,200
101034,ES_1,Spain,ANSWERED,72,5.08,OK,200
100825,IT_1,Italy,NO_ANSWER,0,6.34,OK,408
100457,DE_1,Germany,NO_ANSWER,0,2.47,OK,408
100364,UK_2,United Kingdom,NO_ANSWER,0,3.32,OK,408
100708,FR_1,France,ANSWERED,24,7.41,OK,200
100758,FR_1,France,NO_ANSWER,0,8.75,OK,408
100486,DE_1,Germany,ANSWERED,1,1.86,OK,200
100797,FR_1,France,ANSWERED,41,7.68,OK,200
101070,ES_1,Spain,ANSWERED,59,4.67,OK,200
100180,UK_1,United Kingdom,ANSWERED,127,2.09,MISSING,200
100262,UK_2,United Kingdom,NO_ANSWER,0,4.65,OK,408
101100,ES_1,Spain,ANSWERED,49,3.93,OK,200
100865,IT_1,Italy,FAILED,0,5.3,OK,503
100094,UK_1,United Kingdom,ANSWERED,44,3.17,OK,200
100229,UK_2,United Kingdom,BUSY,0,4.03,OK,486
100075,UK_1,United Kingdom,FAILED,0,2.85,MISSING,487
100032,UK_1,United Kingdom,ANSWERED,74,2.4,OK,200
101133,ES_1,Spain,FAILED,0,3.68,OK,480
100130,UK_1,United Kingdom,ANSWERED,96,2.24,OK,200
100858,IT_1,Italy,NO_ANSWER,0,5.43,OK,408
100986,IT_1,Italy,BUSY,0,5.18,MISSING,486
100796,FR_1,France,BUSY,0,7.56,MISSING,486
100647,FR_1,France,ANSWERED,72,8.55,OK,200
100258,UK_2,United Kingdom,NO_ANSWER,0,4.84,MISSING,408
100639,FR_1,France,ANSWERED,24,7.09,MISSING,200
100609,FR_1,France,FAILED,0,7.1,MISSING,503
101090,ES_1,Spain,NO_ANSWER,0,5.08,OK,408
100595,DE_1,Germany,ANSWERED,2,1.99,OK,200
100425,DE_1,Germany,ANSWERED,2,1.7,OK,200
100551,DE_1,Germany,ANSWERED,107,2.13,OK,200
100417,DE_1,Germany,ANSWERED,3,2.02,OK,200
100904,IT_1,Italy,ANSWERED,54,4.41,OK,200
100784,FR_1,France,ANSWERED,81,8.15,OK,200
101108,ES_1,Spain,ANSWERED,83,6.48,OK,200
100302,UK_2,United Kingdom,NO_ANSWER,0,4.28,OK,408
100147,UK_1,United Kingdom,ANSWERED,55,2.55,OK,200
100446,DE_1,Germany,ANSWERED,2,2.53,OK,200
100099,UK_1,United Kingdom,FAILED,0,2.66,OK,503
100074,UK_1,United Kingdom,NO_ANSWER,0,2.93,OK,408
101186,ES_1,Spain,NO_ANSWER,0,4.29,OK,408
100680,FR_1,France,FAILED,0,6.58,OK,503
100038,UK_1,United Kingdom,ANSWERED,203,2.56,OK,200
100849,IT_1,Italy,ANSWERED,108,6.1,OK,200
100600,FR_1,France,ANSWERED,25,7.45,OK,200
100223,UK_2,United Kingdom,ANSWERED,141,4.41,OK,200
101107,ES_1,Spain,BUSY,0,6.64,OK,486
100279,UK_2,United Kingdom,FAILED,0,3.87,OK,503
100162,UK_1,United Kingdom,ANSWERED,222,2.63,OK,200
101091,ES_1,Spain,ANSWERED,43,5.22,OK,200
100906,IT_1,Italy,ANSWERED,137,6.3,OK,200
100035,UK_1,United Kingdom,NO_ANSWER,0,3.13,OK,408
100767,FR_1,France,FAILED,0,6.14,MISSING,500
101037,ES_1,Spain,NO_ANSWER,0,4.0,OK,408
100383,UK_2,United Kingdom,ANSWERED,145,5.19,OK,200
100455,DE_1,Germany,ANSWERED,1,2.64,OK,200
100296,UK_2,United Kingdom,ANSWERED,69,3.78,OK,200
101005,ES_1,Spain,ANSWERED,160,6.97,OK,200
100931,IT_1,Italy,NO_ANSWER,0,5.2,OK,408
100709,FR_1,France,FAILED,0,7.0,MISSING,503
101181,ES_1,Spain,FAILED,0,3.76,MISSING,480
100738,FR_1,France,ANSWERED,37,6.08,MISSING,200
100748,FR_1,France,BUSY,0,7.71,OK,486
100876,IT_1,Italy,NO_ANSWER,0,4.24,MISSING,408
100943,IT_1,Italy,FAILED,0,6.05,OK,500
101145,ES_1,Spain,ANSWERED,41,3.26,OK,200
100329,UK_2,United Kingdom,ANSWERED,45,3.8,OK,200
100483,DE_1,Germany,NO_ANSWER,0,2.45,OK,408
100017,UK_1,United Kingdom,ANSWERED,210,2.32,OK,200
100742,FR_1,France,BUSY,0,8.21,MISSING,486
100244,UK_2,United Kingdom,ANSWERED,187,4.75,OK,200
100727,FR_1,France,FAILED,0,6.43,MISSING,503
100980,IT_1,Italy,FAILED,0,5.56,OK,500
100953,IT_1,Italy,ANSWERED,54,5.87,OK,200
100210,UK_2,United Kingdom,ANSWERED,66,3.93,OK,200
100566,DE_1,Germany,NO_ANSWER,0,1.65,OK,408
100142,UK_1,United Kingdom,ANSWERED,67,3.37,OK,200
101153,ES_1,Spain,NO_ANSWER,0,4.16,OK,408
100890,IT_1,Italy,NO_ANSWER,0,5.59,OK,408
100152,UK_1,United Kingdom,ANSWERED,231,2.39,OK,200
100603,FR_1,France,FAILED,0,7.43,OK,503
100359,UK_2,United Kingdom,ANSWERED,63,5.31,OK,200
100345,UK_2,United Kingdom,ANSWERED,187,3.45,OK,200
100932,IT_1,Italy,BUSY,0,6.0,OK,486
100088,UK_1,United Kingdom,ANSWERED,125,3.05,OK,200
100564,DE_1,Germany,FAILED,0,2.37,OK,503
100175,UK_1,United Kingdom,ANSWERED,214,2.53,OK,200
101101,ES_1,Spain,BUSY,0,3.77,OK,486
100220,UK_2,United Kingdom,BUSY,0,3.45,OK,486
100870,IT_1,Italy,NO_ANSWER,0,4.21,OK,408
100412,DE_1,Germany,ANSWERED,1,1.57,OK,200
100588,DE_1,Germany,ANSWERED,47,2.76,OK,200
100752,FR_1,France,FAILED,0,6.81,OK,500
101135,ES_1,Spain,ANSWERED,134,6.71,OK,200
100612,FR_1,France,NO_ANSWER,0,6.73,OK,408
100569,DE_1,Germany,FAILED,0,2.35,OK,503
100122,UK_1,United Kingdom,ANSWERED,91,2.08,OK,200
100444,DE_1,Germany,NO_ANSWER,0,2.47,OK,408
100919,IT_1,Italy,NO_ANSWER,0,4.94,OK,408
100998,IT_1,Italy,NO_ANSWER,0,5.74,MISSING,408
100583,DE_1,Germany,BUSY,0,1.91,OK,486
100936,IT_1,Italy,ANSWERED,67,5.28,OK,200
100342,UK_2,United Kingdom,ANSWERED,136,5.06,OK,200
100806,IT_1,Italy,ANSWERED,146,5.46,OK,200
100521,DE_1,Germany,ANSWERED,1,2.41,OK,200
100629,FR_1,France,FAILED,0,7.2,MISSING,503
101197,ES_1,Spain,BUSY,0,5.03,OK,486
100526,DE_1,Germany,ANSWERED,1,1.8,OK,200
101176,ES_1,Spain,ANSWERED,28,3.68,OK,200
100178,UK_1,United Kingdom,ANSWERED,105,2.96,OK,200
100934,IT_1,Italy,ANSWERED,49,5.87,OK,200
100394,UK_2,United Kingdom,BUSY,0,4.63,OK,486
101115,ES_1,Spain,ANSWERED,158,2.94,OK,200
100718,FR_1,France,ANSWERED,20,8.59,MISSING,200
100577,DE_1,Germany,ANSWERED,2,1.66,OK,200
101084,ES_1,Spain,FAILED,0,3.05,OK,503
100759,FR_1,France,FAILED,0,8.77,MISSING,503
100584,DE_1,Germany,NO_ANSWER,0,2.09,OK,408
100683,FR_1,France,FAILED,0,8.66,OK,503
100249,UK_2,United Kingdom,NO_ANSWER,0,3.73,OK,408
100835,IT_1,Italy,ANSWERED,32,4.73,OK,200
100641,FR_1,France,ANSWERED,95,7.84,OK,200
100623,FR_1,France,ANSWERED,37,6.67,MISSING,200
101192,ES_1,Spain,BUSY,0,5.26,OK,486
100792,FR_1,France,NO_ANSWER,0,8.57,OK,408
100186,UK_1,United Kingdom,ANSWERED,182,2.81,OK,200
100707,FR_1,France,ANSWERED,80,6.83,OK,200
100516,DE_1,Germany,FAILED,0,2.78,OK,503
101066,ES_1,Spain,ANSWERED,79,6.8,MISSING,200
100118,UK_1,United Kingdom,FAILED,0,2.78,OK,503
100240,UK_2,United Kingdom,BUSY,0,4.04,OK,486
100340,UK_2,United Kingdom,ANSWERED,54,4.09,OK,200
100774,FR_1,France,ANSWERED,57,6.09,OK,200
100233,UK_2,United Kingdom,NO_ANSWER,0,5.01,OK,408
100049,UK_1,United Kingdom,ANSWERED,143,2.46,OK,200
100447,DE_1,Germany,ANSWERED,3,1.98,OK,200
100790,FR_1,France,BUSY,0,7.05,MISSING,486
100448,DE_1,Germany,ANSWERED,65,1.85,OK,200
100920,IT_1,Italy,BUSY,0,4.41,OK,486
100886,IT_1,Italy,BUSY,0,5.57,OK,486
100814,IT_1,Italy,FAILED,0,4.35,OK,503
100937,IT_1,Italy,BUSY,0,5.1,OK,486
100891,IT_1,Italy,NO_ANSWER,0,5.66,OK,408
100929,IT_1,Italy,ANSWERED,34,5.43,MISSING,200
100522,DE_1,Germany,ANSWERED,1,1.62,OK,200
100590,DE_1,Germany,ANSWERED,60,1.95,OK,200
101081,ES_1,Spain,ANSWERED,173,4.72,MISSING,200
100228,UK_2,United Kingdom,ANSWERED,162,4.27,OK,200
100322,UK_2,United Kingdom,FAILED,0,5.02,OK,503
101039,ES_1,Spain,ANSWERED,170,5.67,OK,200
100928,IT_1,Italy,ANSWERED,152,5.84,MISSING,200
101004,ES_1,Spain,FAILED,0,3.42,MISSING,500
101019,ES_1,Spain,ANSWERED,104,6.66,OK,200
100218,UK_2,United Kingdom,FAILED,0,4.54,OK,503
100386,UK_2,United Kingdom,ANSWERED,66,5.0,OK,200
100027,UK_1,United Kingdom,ANSWERED,219,1.98,OK,200
100196,UK_1,United Kingdom,NO_ANSWER,0,1.91,OK,408
100914,IT_1,Italy,FAILED,0,6.14,OK,504
100336,UK_2,United Kingdom,ANSWERED,122,4.37,OK,200
100861,IT_1,Italy,ANSWERED,82,5.84,OK,200
100957,IT_1,Italy,ANSWERED,38,5.67,OK,200
100573,DE_1,Germany,ANSWERED,2,2.17,OK,200
101040,ES_1,Spain,ANSWERED,116,7.08,OK,200
100420,DE_1,Germany,FAILED,0,2.35,OK,503
100743,FR_1,France,FAILED,0,8.21,MISSING,504
100845,IT_1,Italy,ANSWERED,158,6.01,OK,200
101049,ES_1,Spain,ANSWERED,166,3.45,MISSING,200
100376,UK_2,United Kingdom,BUSY,0,5.04,OK,486
101105,ES_1,Spain,ANSWERED,110,3.76,OK,200
100655,FR_1,France,BUSY,0,6.81,MISSING,486
100125,UK_1,United Kingdom,FAILED,0,2.75,OK,504
100293,UK_2,United Kingdom,ANSWERED,62,5.37,OK,200
100686,FR_1,France,FAILED,0,7.46,MISSING,480
100072,UK_1,United Kingdom,ANSWERED,102,2.01,OK,200
100908,IT_1,Italy,ANSWERED,127,6.32,OK,200
100765,FR_1,France,ANSWERED,36,6.76,MISSING,200
101158,ES_1,Spain,ANSWERED,130,6.31,OK,200
100760,FR_1,France,ANSWERED,65,8.53,MISSING,200
101123,ES_1,Spain,ANSWERED,45,5.97,OK,200
100399,UK_2,United Kingdom,ANSWERED,53,4.91,OK,200
101157,ES_1,Spain,ANSWERED,145,6.97,OK,200
100855,IT_1,Italy,ANSWERED,73,4.95,OK,200
101137,ES_1,Spain,FAILED,0,4.66,OK,503
100318,UK_2,United Kingdom,ANSWERED,52,3.97,OK,200
100007,UK_1,United Kingdom,ANSWERED,58,2.41,OK,200
100058,UK_1,United Kingdom,ANSWERED,35,3.38,OK,200
101175,ES_1,Spain,BUSY,0,3.9,OK,486
100080,UK_1,United Kingdom,BUSY,0,1.88,OK,486
100666,FR_1,France,FAILED,0,6.43,OK,480
100810,IT_1,Italy,BUSY,0,4.58,OK,486
100060,UK_1,United Kingdom,BUSY,0,3.39,OK,486
101096,ES_1,Spain,ANSWERED,151,7.01,OK,200
100225,UK_2,United Kingdom,ANSWERED,131,3.95,OK,200
100650,FR_1,France,NO_ANSWER,0,7.49,MISSING,408
101011,ES_1,Spain,NO_ANSWER,0,3.12,OK,408
101030,ES_1,Spain,FAILED,0,5.5,MISSING,500
100146,UK_1,United Kingdom,ANSWERED,132,2.25,OK,200
100098,UK_1,United Kingdom,ANSWERED,124,2.83,OK,200
100102,UK_1,United Kingdom,ANSWERED,165,1.99,OK,200
100164,UK_1,United Kingdom,NO_ANSWER,0,2.75,OK,408
100107,UK_1,United Kingdom,ANSWERED,66,2.95,OK,200
100327,UK_2,United Kingdom,ANSWERED,108,4.91,OK,200
100379,UK_2,United Kingdom,NO_ANSWER,0,4.57,OK,408
100685,FR_1,France,FAILED,0,8.76,OK,503
100740,FR_1,France,FAILED,0,8.61,MISSING,500
100390,UK_2,United Kingdom,FAILED,0,3.52,OK,504
100567,DE_1,Germany,ANSWERED,1,2.55,OK,200
100484,DE_1,Germany,FAILED,0,1.78,OK,503
100983,IT_1,Italy,NO_ANSWER,0,6.31,OK,408
100949,IT_1,Italy,ANSWERED,156,4.86,OK,200
100977,IT_1,Italy,NO_ANSWER,0,5.93,OK,408
100692,FR_1,France,ANSWERED,46,8.72,MISSING,200
101114,ES_1,Spain,NO_ANSWER,0,3.04,OK,408
100981,IT_1,Italy,BUSY,0,5.63,MISSING,486
100956,IT_1,Italy,FAILED,0,5.13,MISSING,503
100878,IT_1,Italy,ANSWERED,51,5.04,OK,200
100973,IT_1,Italy,ANSWERED,107,5.51,OK,200
100002,UK_1,United Kingdom,ANSWERED,143,1.85,OK,200
100697,FR_1,France,ANSWERED,42,6.07,OK,200
101029,ES_1,Spain,ANSWERED,22,5.72,OK,200
101183,ES_1,Spain,ANSWERED,82,2.84,MISSING,200
100860,IT_1,Italy,FAILED,0,6.28,OK,480
100498,DE_1,Germany,ANSWERED,3,2.6,OK,200
100546,DE_1,Germany,ANSWERED,97,2.44,MISSING,200
100370,UK_2,United Kingdom,BUSY,0,4.67,OK,486
100105,UK_1,United Kingdom,ANSWERED,206,2.12,OK,200
101111,ES_1,Spain,FAILED,0,6.53,OK,503
101154,ES_1,Spain,ANSWERED,42,4.74,OK,200
101134,ES_1,Spain,ANSWERED,92,4.36,OK,200
101041,ES_1,Spain,ANSWERED,108,4.94,OK,200
101054,ES_1,Spain,NO_ANSWER,0,6.3,OK,408
101012,ES_1,Spain,ANSWERED,70,5.99,OK,200
101116,ES_1,Spain,FAILED,0,6.21,OK,503
100909,IT_1,Italy,ANSWERED,147,5.96,OK,200
101172,ES_1,Spain,ANSWERED,57,3.05,OK,200
100463,DE_1,Germany,FAILED,0,1.6,OK,503
100375,UK_2,United Kingdom,ANSWERED,100,5.06,OK,200
100490,DE_1,Germany,ANSWERED,1,2.15,OK,200
100975,IT_1,Italy,BUSY,0,5.41,MISSING,486
100097,UK_1,United Kingdom,ANSWERED,119,2.25,OK,200
100078,UK_1,United Kingdom,ANSWERED,88,2.95,OK,200
100897,IT_1,Italy,ANSWERED,148,4.93,MISSING,200
100247,UK_2,United Kingdom,ANSWERED,160,4.11,OK,200
100471,DE_1,Germany,ANSWERED,3,2.73,OK,200
100651,FR_1,France,NO_ANSWER,0,7.1,OK,408
100689,FR_1,France,FAILED,0,6.93,MISSING,480
100741,FR_1,France,FAILED,0,5.93,OK,503
100047,UK_1,United Kingdom,BUSY,0,2.72,OK,486
101048,ES_1,Spain,ANSWERED,171,3.51,OK,200
100398,UK_2,United Kingdom,ANSWERED,63,4.41,OK,200
100900,IT_1,Italy,NO_ANSWER,0,5.79,MISSING,408
100491,DE_1,Germany,FAILED,0,2.68,OK,504
100191,UK_1,United Kingdom,ANSWERED,180,2.79,OK,200
100057,UK_1,United Kingdom,ANSWERED,89,3.18,OK,200
100558,DE_1,Germany,FAILED,0,1.77,OK,503
101195,ES_1,Spain,FAILED,0,5.24,MISSING,503
100268,UK_2,United Kingdom,BUSY,0,4.26,OK,486
100901,IT_1,Italy,ANSWERED,84,5.2,OK,200
100154,UK_1,United Kingdom,ANSWERED,183,1.84,OK,200
100941,IT_1,Italy,NO_ANSWER,0,6.3,MISSING,408
100842,IT_1,Italy,ANSWERED,27,4.69,OK,200
101042,ES_1,Spain,NO_ANSWER,0,5.01,MISSING,408
100540,DE_1,Germany,FAILED,0,1.82,OK,503
100254,UK_2,United Kingdom,NO_ANSWER,0,4.21,OK,408
100646,FR_1,France,NO_ANSWER,0,8.49,OK,408
100489,DE_1,Germany,ANSWERED,50,1.8,OK,200
100139,UK_1,United Kingdom,ANSWERED,239,2.77,OK,200
100016,UK_1,United Kingdom,ANSWERED,104,3.38,OK,200
100864,IT_1,Italy,NO_ANSWER,0,6.28,MISSING,408
100479,DE_1,Germany,ANSWERED,2,2.39,OK,200
101097,ES_1,Spain,FAILED,0,5.33,OK,504
100361,UK_2,United Kingdom,ANSWERED,190,3.58,OK,200
100157,UK_1,United Kingdom,ANSWERED,112,3.16,OK,200
100384,UK_2,United Kingdom,NO_ANSWER,0,4.45,OK,408
100400,DE_1,Germany,ANSWERED,1,2.27,OK,200
100961,IT_1,Italy,ANSWERED,82,5.83,OK,200
100938,IT_1,Italy,ANSWERED,55,6.25,OK,200
100304,UK_2,United Kingdom,ANSWERED,184,4.59,OK,200
100581,DE_1,Germany,ANSWERED,3,1.64,OK,200
100199,UK_1,United Kingdom,ANSWERED,103,3.12,OK,200
101143,ES_1,Spain,ANSWERED,40,3.73,OK,200
100959,IT_1,Italy,ANSWERED,40,5.72,OK,200
101055,ES_1,Spain,ANSWERED,150,3.96,OK,200
100431,DE_1,Germany,ANSWERED,40,2.51,OK,200
100972,IT_1,Italy,ANSWERED,109,5.23,OK,200
100723,FR_1,France,ANSWERED,55,5.99,OK,200
100782,FR_1,France,ANSWERED,76,7.97,OK,200
100989,IT_1,Italy,NO_ANSWER,0,4.67,OK,408
101010,ES_1,Spain,BUSY,0,7.16,OK,486
100430,DE_1,Germany,ANSWERED,1,2.38,OK,200
100143,UK_1,United Kingdom,BUSY,0,2.75,OK,486
101069,ES_1,Spain,ANSWERED,72,5.83,OK,200
100598,DE_1,Germany,NO_ANSWER,0,2.54,OK,408
100720,FR_1,France,ANSWERED,62,5.7,OK,200
100696,FR_1,France,ANSWERED,75,6.06,OK,200
101043,ES_1,Spain,ANSWERED,39,5.06,OK,200
100507,DE_1,Germany,ANSWERED,93,2.56,OK,200
100409,DE_1,Germany,ANSWERED,3,1.68,OK,200
101036,ES_1,Spain,NO_ANSWER,0,3.25,OK,408
100350,UK_2,United Kingdom,NO_ANSWER,0,4.19,OK,408
100633,FR_1,France,ANSWERED,55,6.4,MISSING,200
100106,UK_1,United Kingdom,BUSY,0,3.27,OK,486
100009,UK_1,United Kingdom,ANSWERED,131,1.93,OK,200
100557,DE_1,Germany,ANSWERED,1,1.67,OK,200
100719,FR_1,France,NO_ANSWER,0,7.67,OK,408
100805,IT_1,Italy,NO_ANSWER,0,6.05,OK,408
100347,UK_2,United Kingdom,BUSY,0,3.72,OK,486
100716,FR_1,France,ANSWERED,67,7.53,OK,200
100289,UK_2,United Kingdom,ANSWERED,110,3.74,OK,200
100642,FR_1,France,BUSY,0,7.03,OK,486
100266,UK_2,United Kingdom,ANSWERED,163,5.13,OK,200
101062,ES_1,Spain,ANSWERED,130,5.1,OK,200
100028,UK_1,United Kingdom,ANSWERED,231,2.83,OK,200
100380,UK_2,United Kingdom,NO_ANSWER,0,3.3,OK,408
100475,DE_1,Germany,ANSWERED,2,1.93,OK,200
100954,IT_1,Italy,NO_ANSWER,0,6.27,OK,408
100416,DE_1,Germany,ANSWERED,2,1.86,OK,200
100401,DE_1,Germany,FAILED,0,2.1,OK,480
100940,IT_1,Italy,ANSWERED,56,5.9,OK,200
100171,UK_1,United Kingdom,ANSWERED,211,2.56,OK,200
100458,DE_1,Germany,ANSWERED,3,2.17,OK,200
100274,UK_2,United Kingdom,NO_ANSWER,0,3.78,OK,408
101149,ES_1,Spain,ANSWERED,141,4.86,OK,200
100634,FR_1,France,FAILED,0,7.45,OK,500
100235,UK_2,United Kingdom,ANSWERED,50,5.12,OK,200
100321,UK_2,United Kingdom,NO_ANSWER,0,4.61,MISSING,408
100079,UK_1,United Kingdom,ANSWERED,102,2.61,OK,200
100833,IT_1,Italy,ANSWERED,117,5.75,OK,200
100525,DE_1,Germany,ANSWERED,3,1.46,OK,200
100643,FR_1,France,FAILED,0,8.22,OK,500
100868,IT_1,Italy,FAILED,0,4.52,OK,503
100408,DE_1,Germany,ANSWERED,84,2.07,OK,200
100242,UK_2,United Kingdom,ANSWERED,42,3.72,OK,200
100625,FR_1,France,NO_ANSWER,0,6.13,OK,408
100245,UK_2,United Kingdom,ANSWERED,101,5.19,MISSING,200
100344,UK_2,United Kingdom,ANSWERED,111,3.69,OK,200
100693,FR_1,France,NO_ANSWER,0,7.52,OK,408
100346,UK_2,United Kingdom,FAILED,0,3.97,OK,487
100338,UK_2,United Kingdom,ANSWERED,29,4.21,MISSING,200
100875,IT_1,Italy,ANSWERED,28,6.16,OK,200
100179,UK_1,United Kingdom,ANSWERED,107,3.37,OK,200
100029,UK_1,United Kingdom,ANSWERED,151,1.81,OK,200
100706,FR_1,France,NO_ANSWER,0,5.84,OK,408
100847,IT_1,Italy,BUSY,0,5.44,OK,486
100548,DE_1,Germany,ANSWERED,3,2.32,OK,200
101190,ES_1,Spain,FAILED,0,4.73,OK,480
100898,IT_1,Italy,NO_ANSWER,0,6.2,OK,408
100663,FR_1,France,FAILED,0,6.64,OK,504
100518,DE_1,Germany,FAILED,0,1.94,OK,504
100307,UK_2,United Kingdom,BUSY,0,4.63,OK,486
100636,FR_1,France,NO_ANSWER,0,8.77,OK,408
100576,DE_1,Germany,ANSWERED,2,1.53,OK,200
100260,UK_2,United Kingdom,ANSWERED,83,4.54,OK,200
100288,UK_2,United Kingdom,ANSWERED,79,4.61,OK,200
101021,ES_1,Spain,NO_ANSWER,0,3.16,OK,408
100011,UK_1,United Kingdom,ANSWERED,93,3.04,OK,200
100217,UK_2,United Kingdom,FAILED,0,4.16,OK,503
101074,ES_1,Spain,NO_ANSWER,0,3.92,OK,408
100970,IT_1,Italy,FAILED,0,5.82,MISSING,503
100046,UK_1,United Kingdom,ANSWERED,89,2.66,OK,200
101094,ES_1,Spain,ANSWERED,21,3.95,OK,200
100424,DE_1,Germany,ANSWERED,28,2.1,OK,200
100606,FR_1,France,ANSWERED,30,6.06,OK,200
100734,FR_1,France,ANSWERED,61,6.16,OK,200
100913,IT_1,Italy,NO_ANSWER,0,5.91,OK,408
100992,IT_1,Italy,ANSWERED,64,4.25,OK,200
100799,FR_1,France,NO_ANSWER,0,8.47,MISSING,408
100001,UK_1,United Kingdom,ANSWERED,61,2.88,OK,200
101147,ES_1,Spain,ANSWERED,180,3.36,OK,200
100297,UK_2,United Kingdom,ANSWERED,54,4.84,OK,200
100238,UK_2,United Kingdom,BUSY,0,3.78,OK,486
101110,ES_1,Spain,FAILED,0,4.97,MISSING,487
100504,DE_1,Germany,NO_ANSWER,0,1.84,OK,408
101056,ES_1,Spain,ANSWERED,136,5.42,MISSING,200
100532,DE_1,Germany,BUSY,0,1.85,OK,486
100508,DE_1,Germany,NO_ANSWER,0,2.23,OK,408
100132,UK_1,United Kingdom,ANSWERED,73,2.17,OK,200
100362,UK_2,United Kingdom,ANSWERED,137,4.35,OK,200
100538,DE_1,Germany,NO_ANSWER,0,2.24,OK,408
101184,ES_1,Spain,BUSY,0,4.89,OK,486
100324,UK_2,United Kingdom,ANSWERED,61,4.45,OK,200
100587,DE_1,Germany,FAILED,0,1.59,OK,504
101162,ES_1,Spain,ANSWERED,180,3.85,OK,200
100495,DE_1,Germany,FAILED,0,1.59,OK,503
100820,IT_1,Italy,ANSWERED,69,4.81,OK,200
100541,DE_1,Germany,ANSWERED,40,2.46,OK,200
100592,DE_1,Germany,NO_ANSWER,0,2.72,OK,408
100059,UK_1,United Kingdom,NO_ANSWER,0,2.53,OK,408
100880,IT_1,Italy,BUSY,0,5.51,OK,486
100947,IT_1,Italy,NO_ANSWER,0,4.75,OK,408
100717,FR_1,France,FAILED,0,6.31,OK,487
100674,FR_1,France,NO_ANSWER,0,7.59,MISSING,408
100925,IT_1,Italy,ANSWERED,154,4.69,OK,200
100827,IT_1,Italy,BUSY,0,5.53,MISSING,486
100281,UK_2,United Kingdom,NO_ANSWER,0,4.83,OK,408
101161,ES_1,Spain,NO_ANSWER,0,6.45,OK,408
101119,ES_1,Spain,FAILED,0,3.62,OK,503
100950,IT_1,Italy,FAILED,0,5.77,OK,480
100899,IT_1,Italy,NO_ANSWER,0,4.53,MISSING,408
100066,UK_1,United Kingdom,ANSWERED,180,2.19,OK,200
100648,FR_1,France,FAILED,0,6.09,OK,503
101144,ES_1,Spain,ANSWERED,141,5.21,MISSING,200
100803,IT_1,Italy,ANSWERED,49,4.39,OK,200
101159,ES_1,Spain,BUSY,0,5.21,OK,486
100377,UK_2,United Kingdom,ANSWERED,111,5.13,OK,200
100330,UK_2,United Kingdom,ANSWERED,138,4.11,OK,200
101053,ES_1,Spain,ANSWERED,143,3.55,OK,200
100095,UK_1,United Kingdom,NO_ANSWER,0,2.54,OK,408
100036,UK_1,United Kingdom,ANSWERED,180,3.32,OK,200
100903,IT_1,Italy,ANSWERED,99,4.99,OK,200
100466,DE_1,Germany,ANSWERED,1,2.52,OK,200
100800,IT_1,Italy,NO_ANSWER,0,5.05,OK,408
100575,DE_1,Germany,ANSWERED,1,1.93,OK,200
100832,IT_1,Italy,FAILED,0,4.64,MISSING,503
100291,UK_2,United Kingdom,NO_ANSWER,0,4.99,OK,408
100165,UK_1,United Kingdom,ANSWERED,57,2.25,OK,200
100182,UK_1,United Kingdom,ANSWERED,67,2.82,OK,200
100426,DE_1,Germany,NO_ANSWER,0,2.8,OK,408
100917,IT_1,Italy,BUSY,0,5.69,OK,486
100605,FR_1,France,FAILED,0,6.17,OK,500
100843,IT_1,Italy,FAILED,0,5.77,OK,503
100963,IT_1,Italy,ANSWERED,131,6.3,OK,200
100305,UK_2,United Kingdom,ANSWERED,177,4.37,OK,200
100591,DE_1,Germany,ANSWERED,3,2.47,MISSING,200
100746,FR_1,France,NO_ANSWER,0,8.52,MISSING,408
100978,IT_1,Italy,NO_ANSWER,0,5.09,OK,408
100037,UK_1,United Kingdom,ANSWERED,52,3.36,OK,200
100357,UK_2,United Kingdom,ANSWERED,166,5.3,OK,200
100056,UK_1,United Kingdom,BUSY,0,3.16,OK,486
100962,IT_1,Italy,ANSWERED,98,5.72,MISSING,200
100779,FR_1,France,ANSWERED,31,8.25,OK,200
101078,ES_1,Spain,ANSWERED,106,6.32,OK,200
100212,UK_2,United Kingdom,ANSWERED,105,3.76,OK,200
100802,IT_1,Italy,ANSWERED,82,6.04,OK,200
100284,UK_2,United Kingdom,ANSWERED,119,3.68,OK,200
100560,DE_1,Germany,FAILED,0,2.32,OK,480
100250,UK_2,United Kingdom,ANSWERED,143,4.6,OK,200
100006,UK_1,United Kingdom,ANSWERED,106,2.05,OK,200
100764,FR_1,France,NO_ANSWER,0,5.7,OK,408
101025,ES_1,Spain,BUSY,0,3.74,MISSING,486
100419,DE_1,Germany,ANSWERED,3,2.29,OK,200
101052,ES_1,Spain,FAILED,0,6.97,OK,480
100487,DE_1,Germany,NO_ANSWER,0,1.59,OK,408
100602,FR_1,France,FAILED,0,6.03,MISSING,503
100222,UK_2,United Kingdom,ANSWERED,94,4.11,OK,200
100243,UK_2,United Kingdom,ANSWERED,83,4.84,OK,200
100505,DE_1,Germany,FAILED,0,1.81,OK,503
100005,UK_1,United Kingdom,ANSWERED,36,3.01,OK,200
100556,DE_1,Germany,ANSWERED,3,2.53,OK,200
100510,DE_1,Germany,FAILED,0,2.66,OK,500
101139,ES_1,Spain,NO_ANSWER,0,5.93,OK,408
100469,DE_1,Germany,NO_ANSWER,0,2.22,OK,408
100012,UK_1,United Kingdom,NO_ANSWER,0,3.19,OK,408
100259,UK_2,United Kingdom,NO_ANSWER,0,4.29,OK,408
100003,UK_1,United Kingdom,ANSWERED,189,1.84,OK,200
101160,ES_1,Spain,FAILED,0,4.72,OK,480
100780,FR_1,France,FAILED,0,6.74,MISSING,503
100120,UK_1,United Kingdom,ANSWERED,137,2.19,OK,200
100185,UK_1,United Kingdom,NO_ANSWER,0,1.98,OK,408
100295,UK_2,United Kingdom,ANSWERED,116,4.94,OK,200
100456,DE_1,Germany,ANSWERED,26,2.0,OK,200
100815,IT_1,Italy,ANSWERED,95,5.34,OK,200
101194,ES_1,Spain,BUSY,0,4.01,OK,486
100429,DE_1,Germany,NO_ANSWER,0,2.17,OK,408
100052,UK_1,United Kingdom,ANSWERED,172,2.52,OK,200
101046,ES_1,Spain,ANSWERED,142,4.91,OK,200
100918,IT_1,Italy,NO_ANSWER,0,5.44,OK,408
100166,UK_1,United Kingdom,ANSWERED,180,2.78,OK,200
100153,UK_1,United Kingdom,FAILED,0,2.95,OK,503
101193,ES_1,Spain,ANSWERED,165,3.62,OK,200
100343,UK_2,United Kingdom,NO_ANSWER,0,4.35,OK,408
100922,IT_1,Italy,ANSWERED,38,4.23,OK,200
100924,IT_1,Italy,ANSWERED,150,4.91,OK,200
100724,FR_1,France,FAILED,0,7.31,OK,503
100563,DE_1,Germany,FAILED,0,2.65,OK,503
100387,UK_2,United Kingdom,ANSWERED,89,3.31,OK,200
101163,ES_1,Spain,FAILED,0,6.35,OK,503
101122,ES_1,Spain,ANSWERED,166,3.38,OK,200
100523,DE_1,Germany,FAILED,0,2.47,MISSING,480
100393,UK_2,United Kingdom,FAILED,0,4.02,MISSING,504
100812,IT_1,Italy,FAILED,0,5.16,OK,480
100969,IT_1,Italy,ANSWERED,70,6.36,MISSING,200
100371,UK_2,United Kingdom,NO_ANSWER,0,4.71,OK,408
100649,FR_1,France,FAILED,0,8.27,OK,480
100951,IT_1,Italy,ANSWERED,99,5.71,OK,200
100116,UK_1,United Kingdom,ANSWERED,227,2.18,OK,200
100093,UK_1,United Kingdom,NO_ANSWER,0,2.23,OK,408
100126,UK_1,United Kingdom,ANSWERED,219,3.23,OK,200
100749,FR_1,France,FAILED,0,7.18,MISSING,503
100673,FR_1,France,BUSY,0,7.8,MISSING,486
100256,UK_2,United Kingdom,ANSWERED,100,5.38,OK,200
100682,FR_1,France,ANSWERED,70,6.62,MISSING,200
100465,DE_1,Germany,ANSWERED,2,2.06,MISSING,200
100206,UK_2,United Kingdom,ANSWERED,93,4.47,OK,200
100604,FR_1,France,NO_ANSWER,0,7.14,OK,408
101103,ES_1,Spain,BUSY,0,3.96,OK,486
100183,UK_1,United Kingdom,ANSWERED,38,2.72,OK,200
100025,UK_1,United Kingdom,ANSWERED,187,1.9,OK,200
100461,DE_1,Germany,ANSWERED,1,1.96,MISSING,200
101008,ES_1,Spain,NO_ANSWER,0,3.91,MISSING,408
100791,FR_1,France,NO_ANSWER,0,8.72,OK,408
100846,IT_1,Italy,ANSWERED,155,6.4,OK,200
100811,IT_1,Italy,FAILED,0,5.98,MISSING,503
101089,ES_1,Spain,ANSWERED,122,4.35,OK,200
100599,DE_1,Germany,FAILED,0,1.55,OK,480
101044,ES_1,Spain,ANSWERED,60,4.39,OK,200
100968,IT_1,Italy,NO_ANSWER,0,5.91,OK,408
100882,IT_1,Italy,ANSWERED,73,4.56,OK,200
100092,UK_1,United Kingdom,ANSWERED,140,3.08,OK,200
101064,ES_1,Spain,ANSWERED,117,4.34,OK,200
100661,FR_1,France,FAILED,0,6.19,OK,504
100474,DE_1,Germany,NO_ANSWER,0,1.49,OK,408
101167,ES_1,Spain,ANSWERED,24,3.47,OK,200
100529,DE_1,Germany,ANSWERED,3,1.82,OK,200
100966,IT_1,Italy,BUSY,0,6.21,OK,486
100772,FR_1,France,ANSWERED,91,7.85,OK,200
100301,UK_2,United Kingdom,FAILED,0,3.33,OK,503
100432,DE_1,Germany,ANSWERED,2,2.05,OK,200
100170,UK_1,United Kingdom,ANSWERED,96,2.95,OK,200
100472,DE_1,Germany,ANSWERED,2,2.37,OK,200
100292,UK_2,United Kingdom,BUSY,0,4.94,OK,486
100311,UK_2,United Kingdom,ANSWERED,64,4.71,OK,200
100407,DE_1,Germany,ANSWERED,2,2.16,OK,200
100450,DE_1,Germany,ANSWERED,1,1.6,MISSING,200
100298,UK_2,United Kingdom,BUSY,0,4.33,OK,486
100194,UK_1,United Kingdom,ANSWERED,139,2.52,OK,200
100050,UK_1,United Kingdom,ANSWERED,202,3.37,OK,200
101121,ES_1,Spain,ANSWERED,115,4.41,OK,200
100528,DE_1,Germany,NO_ANSWER,0,1.85,OK,408
101016,ES_1,Spain,ANSWERED,165,4.4,OK,200
100571,DE_1,Germany,ANSWERED,3,2.01,OK,200
100877,IT_1,Italy,BUSY,0,4.7,OK,486
101024,ES_1,Spain,FAILED,0,5.58,OK,500
100945,IT_1,Italy,ANSWERED,124,5.65,OK,200
100531,DE_1,Germany,ANSWERED,31,2.72,OK,200
100251,UK_2,United Kingdom,NO_ANSWER,0,5.18,OK,408
100043,UK_1,United Kingdom,ANSWERED,176,2.17,OK,200
100467,DE_1,Germany,NO_ANSWER,0,1.44,OK,408
100462,DE_1,Germany,ANSWERED,67,2.13,OK,200
100111,UK_1,United Kingdom,ANSWERED,35,2.29,OK,200
100840,IT_1,Italy,ANSWERED,77,4.79,OK,200
100039,UK_1,United Kingdom,ANSWERED,190,2.48,OK,200
100656,FR_1,France,NO_ANSWER,0,6.38,OK,408
101032,ES_1,Spain,FAILED,0,3.44,OK,504
100549,DE_1,Germany,ANSWERED,2,2.09,OK,200
101179,ES_1,Spain,BUSY,0,5.22,MISSING,486
101020,ES_1,Spain,ANSWERED,98,4.94,MISSING,200
100777,FR_1,France,FAILED,0,6.38,OK,504
100403,DE_1,Germany,ANSWERED,1,2.13,OK,200
100320,UK_2,United Kingdom,BUSY,0,5.34,OK,486
100894,IT_1,Italy,NO_ANSWER,0,5.54,OK,408
101151,ES_1,Spain,ANSWERED,171,5.43,OK,200
100042,UK_1,United Kingdom,ANSWERED,65,2.2,OK,200
100414,DE_1,Germany,FAILED,0,2.09,OK,504
100437,DE_1,Germany,ANSWERED,1,1.83,OK,200
101014,ES_1,Spain,ANSWERED,37,6.76,OK,200
101117,ES_1,Spain,ANSWERED,100,5.83,MISSING,200
100332,UK_2,United Kingdom,NO_ANSWER,0,4.27,OK,408
100787,FR_1,France,ANSWERED,41,8.45,MISSING,200
100905,IT_1,Italy,ANSWERED,60,5.66,OK,200
100776,FR_1,France,FAILED,0,5.8,OK,504
100449,DE_1,Germany,ANSWERED,41,2.12,OK,200
100181,UK_1,United Kingdom,ANSWERED,105,1.87,OK,200
100067,UK_1,United Kingdom,ANSWERED,142,2.85,OK,200
100209,UK_2,United Kingdom,FAILED,0,4.23,OK,503
101045,ES_1,Spain,ANSWERED,78,4.62,OK,200
101002,ES_1,Spain,ANSWERED,159,4.1,OK,200
100227,UK_2,United Kingdom,NO_ANSWER,0,5.4,OK,408
100422,DE_1,Germany,ANSWERED,3,2.35,OK,200
101026,ES_1,Spain,ANSWERED,158,4.88,OK,200
100015,UK_1,United Kingdom,ANSWERED,78,2.65,OK,200
100418,DE_1,Germany,NO_ANSWER,0,2.68,OK,408
101104,ES_1,Spain,ANSWERED,107,3.13,OK,200
100231,UK_2,United Kingdom,ANSWERED,130,3.3,OK,200
101188,ES_1,Spain,ANSWERED,157,6.28,MISSING,200
100167,UK_1,United Kingdom,ANSWERED,118,2.09,OK,200
101118,ES_1,Spain,ANSWERED,168,3.24,OK,200
100485,DE_1,Germany,ANSWERED,3,1.47,OK,200
100503,DE_1,Germany,ANSWERED,2,2.1,OK,200
100854,IT_1,Italy,FAILED,0,4.77,OK,503
100798,FR_1,France,NO_ANSWER,0,6.06,OK,408
101035,ES_1,Spain,ANSWERED,136,6.68,MISSING,200
100665,FR_1,France,FAILED,0,6.21,OK,503
100879,IT_1,Italy,ANSWERED,36,4.86,OK,200
100480,DE_1,Germany,ANSWERED,3,2.2,OK,200
100828,IT_1,Italy,ANSWERED,129,5.83,OK,200
100514,DE_1,Germany,ANSWERED,1,1.5,OK,200
100137,UK_1,United Kingdom,ANSWERED,125,2.28,OK,200
100488,DE_1,Germany,FAILED,0,1.62,OK,504
100704,FR_1,France,NO_ANSWER,0,6.49,MISSING,408
100081,UK_1,United Kingdom,NO_ANSWER,0,1.87,OK,408
100367,UK_2,United Kingdom,NO_ANSWER,0,3.51,OK,408
100778,FR_1,France,ANSWERED,29,6.44,OK,200
100703,FR_1,France,NO_ANSWER,0,7.25,OK,408
100771,FR_1,France,NO_ANSWER,0,7.68,OK,408
100237,UK_2,United Kingdom,BUSY,0,5.33,MISSING,486
100610,FR_1,France,FAILED,0,5.77,MISSING,503
100895,IT_1,Italy,BUSY,0,6.34,OK,486
100838,IT_1,Italy,ANSWERED,123,4.31,OK,200
100580,DE_1,Germany,NO_ANSWER,0,2.18,OK,408
100620,FR_1,France,ANSWERED,69,7.6,OK,200
100273,UK_2,United Kingdom,ANSWERED,162,3.47,OK,200
100987,IT_1,Italy,FAILED,0,4.62,OK,504
100626,FR_1,France,ANSWERED,88,7.85,OK,200
101166,ES_1,Spain,NO_ANSWER,0,4.0,OK,408
100189,UK_1,United Kingdom,NO_ANSWER,0,2.16,OK,408
100824,IT_1,Italy,ANSWERED,96,6.05,OK,200
100109,UK_1,United Kingdom,ANSWERED,84,2.47,OK,200
100192,UK_1,United Kingdom,ANSWERED,230,2.13,OK,200
100848,IT_1,Italy,ANSWERED,52,5.26,OK,200
100280,UK_2,United Kingdom,BUSY,0,3.5,OK,486
100756,FR_1,France,FAILED,0,8.72,MISSING,480
100652,FR_1,France,FAILED,0,5.99,OK,503
100763,FR_1,France,ANSWERED,27,6.42,MISSING,200
100453,DE_1,Germany,ANSWERED,88,2.05,OK,200
100310,UK_2,United Kingdom,NO_ANSWER,0,3.89,OK,408
100421,DE_1,Germany,ANSWERED,2,1.73,OK,200
101001,ES_1,Spain,ANSWERED,60,5.15,MISSING,200
100326,UK_2,United Kingdom,ANSWERED,121,4.12,OK,200
101058,ES_1,Spain,FAILED,0,5.02,OK,503
100960,IT_1,Italy,BUSY,0,4.27,OK,486
100744,FR_1,France,ANSWERED,93,7.04,OK,200
100982,IT_1,Italy,ANSWERED,86,6.19,OK,200
101124,ES_1,Spain,NO_ANSWER,0,6.57,OK,408
101079,ES_1,Spain,NO_ANSWER,0,3.03,OK,408
100121,UK_1,United Kingdom,ANSWERED,227,3.18,OK,200
100736,FR_1,France,FAILED,0,6.24,OK,487
100545,DE_1,Germany,BUSY,0,1.85,OK,486
100570,DE_1,Germany,NO_ANSWER,0,2.51,OK,408
100069,UK_1,United Kingdom,ANSWERED,136,2.01,OK,200
100325,UK_2,United Kingdom,ANSWERED,187,5.34,OK,200
100161,UK_1,United Kingdom,FAILED,0,2.82,OK,480
100578,DE_1,Germany,ANSWERED,2,1.9,OK,200
100993,IT_1,Italy,ANSWERED,43,4.32,OK,200
100148,UK_1,United Kingdom,ANSWERED,124,2.16,OK,200
100991,IT_1,Italy,FAILED,0,5.83,OK,487
101009,ES_1,Spain,NO_ANSWER,0,5.3,MISSING,408
100138,UK_1,United Kingdom,BUSY,0,3.14,OK,486
101015,ES_1,Spain,ANSWERED,177,5.7,OK,200
100722,FR_1,France,ANSWERED,82,8.68,OK,200
100705,FR_1,France,NO_ANSWER,0,7.94,MISSING,408
101092,ES_1,Spain,NO_ANSWER,0,5.36,OK,408
100821,IT_1,Italy,NO_ANSWER,0,5.73,MISSING,408
101146,ES_1,Spain,ANSWERED,119,4.16,OK,200
100866,IT_1,Italy,ANSWERED,38,6.12,OK,200
100554,DE_1,Germany,ANSWERED,103,2.32,MISSING,200
100594,DE_1,Germany,FAILED,0,2.51,OK,503
100141,UK_1,United Kingdom,ANSWERED,239,2.45,OK,200
100668,FR_1,France,NO_ANSWER,0,7.08,MISSING,408
100211,UK_2,United Kingdom,ANSWERED,127,4.99,OK,200
100134,UK_1,United Kingdom,ANSWERED,50,2.13,OK,200
100555,DE_1,Germany,ANSWERED,2,2.41,OK,200
100459,DE_1,Germany,ANSWERED,60,2.27,OK,200
100337,UK_2,United Kingdom,ANSWERED,115,3.36,OK,200
100619,FR_1,France,BUSY,0,7.22,OK,486
101087,ES_1,Spain,ANSWERED,79,5.51,OK,200
100436,DE_1,Germany,NO_ANSWER,0,1.65,OK,408
100156,UK_1,United Kingdom,ANSWERED,211,3.13,OK,200
100586,DE_1,Germany,ANSWERED,2,2.54,OK,200
101061,ES_1,Spain,NO_ANSWER,0,6.77,OK,408
101165,ES_1,Spain,FAILED,0,3.6,OK,480
100232,UK_2,United Kingdom,NO_ANSWER,0,4.99,OK,408
100702,FR_1,France,FAILED,0,7.49,MISSING,503
100856,IT_1,Italy,NO_ANSWER,0,5.6,OK,408
100627,FR_1,France,FAILED,0,7.42,OK,503
100694,FR_1,France,BUSY,0,7.69,MISSING,486
100533,DE_1,Germany,ANSWERED,48,2.06,OK,200
100391,UK_2,United Kingdom,ANSWERED,140,5.15,OK,200
100935,IT_1,Italy,ANSWERED,99,5.4,OK,200
101185,ES_1,Spain,ANSWERED,42,3.89,OK,200
100140,UK_1,United Kingdom,ANSWERED,146,2.58,OK,200
100672,FR_1,France,NO_ANSWER,0,8.22,OK,408
100871,IT_1,Italy,BUSY,0,4.57,OK,486
100349,UK_2,United Kingdom,ANSWERED,185,4.29,OK,200
100155,UK_1,United Kingdom,ANSWERED,131,2.43,OK,200
100230,UK_2,United Kingdom,BUSY,0,5.36,OK,486
100286,UK_2,United Kingdom,ANSWERED,190,3.99,OK,200
100568,DE_1,Germany,FAILED,0,1.82,OK,500
100030,UK_1,United Kingdom,ANSWERED,163,3.02,OK,200
100834,IT_1,Italy,BUSY,0,5.31,OK,486
100396,UK_2,United Kingdom,BUSY,0,4.87,OK,486
100263,UK_2,United Kingdom,NO_ANSWER,0,5.19,OK,408
100863,IT_1,Italy,ANSWERED,55,5.24,OK,200
100063,UK_1,United Kingdom,ANSWERED,184,2.56,OK,200
100831,IT_1,Italy,NO_ANSWER,0,5.45,OK,408
100282,UK_2,United Kingdom,ANSWERED,64,5.15,OK,200
100513,DE_1,Germany,ANSWERED,1,2.53,OK,200
100241,UK_2,United Kingdom,NO_ANSWER,0,4.87,OK,408
100309,UK_2,United Kingdom,ANSWERED,111,5.02,OK,200
100640,FR_1,France,FAILED,0,7.06,OK,487
100363,UK_2,United Kingdom,ANSWERED,97,4.05,OK,200
100360,UK_2,United Kingdom,BUSY,0,5.04,OK,486
100700,FR_1,France,FAILED,0,6.53,OK,487
100355,UK_2,United Kingdom,ANSWERED,98,3.37,OK,200
100930,IT_1,Italy,ANSWERED,102,6.16,OK,200
101067,ES_1,Spain,NO_ANSWER,0,5.19,OK,408
100762,FR_1,France,ANSWERED,83,7.38,MISSING,200
100402,DE_1,Germany,ANSWERED,3,1.4,OK,200
100501,DE_1,Germany,ANSWERED,2,2.41,MISSING,200
101131,ES_1,Spain,ANSWERED,163,5.25,OK,200
100952,IT_1,Italy,ANSWERED,70,5.31,OK,200
101085,ES_1,Spain,ANSWERED,22,3.69,OK,200
100253,UK_2,United Kingdom,ANSWERED,175,3.86,OK,200
100040,UK_1,United Kingdom,ANSWERED,221,2.9,OK,200
100022,UK_1,United Kingdom,ANSWERED,184,2.49,OK,200
100729,FR_1,France,ANSWERED,29,8.63,MISSING,200
101196,ES_1,Spain,ANSWERED,87,5.18,OK,200
100468,DE_1,Germany,FAILED,0,2.5,OK,500
100512,DE_1,Germany,ANSWERED,82,2.03,OK,200
100203,UK_2,United Kingdom,ANSWERED,35,5.16,OK,200
100190,UK_1,United Kingdom,ANSWERED,148,2.28,OK,200
100090,UK_1,United Kingdom,ANSWERED,76,3.36,OK,200
101155,ES_1,Spain,ANSWERED,97,2.85,OK,200
100611,FR_1,France,FAILED,0,8.58,OK,500
100887,IT_1,Italy,ANSWERED,52,5.64,MISSING,200
100496,DE_1,Germany,FAILED,0,1.86,OK,480
101125,ES_1,Spain,FAILED,0,6.05,OK,503
100101,UK_1,United Kingdom,ANSWERED,146,2.35,OK,200
100726,FR_1,France,FAILED,0,5.93,OK,503
101112,ES_1,Spain,FAILED,0,6.68,OK,503
100389,UK_2,United Kingdom,ANSWERED,46,4.88,OK,200
100236,UK_2,United Kingdom,ANSWERED,141,3.23,OK,200
101141,ES_1,Spain,BUSY,0,5.09,OK,486
101075,ES_1,Spain,ANSWERED,121,6.04,OK,200
100888,IT_1,Italy,NO_ANSWER,0,5.12,OK,408
100299,UK_2,United Kingdom,ANSWERED,182,3.3,OK,200
100019,UK_1,United Kingdom,ANSWERED,180,3.2,OK,200
101057,ES_1,Spain,ANSWERED,53,3.28,OK,200
100885,IT_1,Italy,ANSWERED,34,5.03,OK,200
100368,UK_2,United Kingdom,FAILED,0,4.74,OK,500
100675,FR_1,France,NO_ANSWER,0,6.36,OK,408
100872,IT_1,Italy,NO_ANSWER,0,5.88,MISSING,408
100678,FR_1,France,NO_ANSWER,0,7.03,OK,408
100915,IT_1,Italy,NO_ANSWER,0,5.27,OK,408
100676,FR_1,France,FAILED,0,7.61,OK,503
100397,UK_2,United Kingdom,NO_ANSWER,0,5.19,MISSING,408
100068,UK_1,United Kingdom,ANSWERED,101,2.13,OK,200
100008,UK_1,United Kingdom,ANSWERED,102,3.09,OK,200
100670,FR_1,France,FAILED,0,7.18,MISSING,503
100476,DE_1,Germany,ANSWERED,3,2.35,OK,200
100054,UK_1,United Kingdom,NO_ANSWER,0,3.17,OK,408
100277,UK_2,United Kingdom,FAILED,0,3.69,MISSING,487
100632,FR_1,France,ANSWERED,92,5.8,OK,200
100713,FR_1,France,NO_ANSWER,0,6.58,OK,408
100808,IT_1,Italy,NO_ANSWER,0,6.18,OK,408
100205,UK_2,United Kingdom,NO_ANSWER,0,5.09,OK,408
100290,UK_2,United Kingdom,ANSWERED,42,5.03,OK,200
100061,UK_1,United Kingdom,ANSWERED,74,2.1,OK,200
101031,ES_1,Spain,ANSWERED,65,5.29,OK,200
100261,UK_2,United Kingdom,NO_ANSWER,0,4.57,OK,408
101095,ES_1,Spain,ANSWERED,38,5.01,OK,200
100539,DE_1,Germany,ANSWERED,3,1.7,OK,200
100679,FR_1,France,ANSWERED,30,6.47,OK,200
100927,IT_1,Italy,NO_ANSWER,0,4.39,OK,408
100596,DE_1,Germany,ANSWERED,3,2.15,OK,200
100385,UK_2,United Kingdom,BUSY,0,4.91,OK,486
100018,UK_1,United Kingdom,ANSWERED,43,3.09,OK,200
101065,ES_1,Spain,FAILED,0,6.48,OK,503
100715,FR_1,France,ANSWERED,92,8.13,OK,200
100711,FR_1,France,NO_ANSWER,0,8.5,MISSING,408
101152,ES_1,Spain,NO_ANSWER,0,5.28,OK,408
100747,FR_1,France,NO_ANSWER,0,6.16,OK,408
100637,FR_1,France,FAILED,0,8.06,OK,503
100494,DE_1,Germany,ANSWERED,2,2.3,OK,200
100561,DE_1,Germany,ANSWERED,2,1.48,MISSING,200
100264,UK_2,United Kingdom,ANSWERED,137,3.27,OK,200
101113,ES_1,Spain,ANSWERED,150,4.03,OK,200
100535,DE_1,Germany,FAILED,0,2.18,OK,503
100559,DE_1,Germany,ANSWERED,56,1.72,OK,200
100208,UK_2,United Kingdom,ANSWERED,174,4.16,OK,200
101136,ES_1,Spain,ANSWERED,57,6.62,OK,200
100550,DE_1,Germany,BUSY,0,1.64,OK,486
100967,IT_1,Italy,NO_ANSWER,0,5.86,OK,408
100214,UK_2,United Kingdom,ANSWERED,163,4.22,MISSING,200
100339,UK_2,United Kingdom,ANSWERED,134,4.46,OK,200
101059,ES_1,Spain,ANSWERED,141,6.77,OK,200
100482,DE_1,Germany,ANSWERED,61,1.51,OK,200
100460,DE_1,Germany,ANSWERED,1,2.78,OK,200
100990,IT_1,Italy,BUSY,0,4.65,OK,486
100113,UK_1,United Kingdom,ANSWERED,207,2.14,OK,200
100823,IT_1,Italy,FAILED,0,6.17,MISSING,487
100710,FR_1,France,FAILED,0,6.54,MISSING,503
100351,UK_2,United Kingdom,ANSWERED,187,5.37,OK,200
100014,UK_1,United Kingdom,ANSWERED,214,3.3,OK,200
100294,UK_2,United Kingdom,BUSY,0,3.44,OK,486
101191,ES_1,Spain,ANSWERED,54,3.9,MISSING,200
100852,IT_1,Italy,BUSY,0,5.52,OK,486
101051,ES_1,Spain,NO_ANSWER,0,6.67,OK,408
100151,UK_1,United Kingdom,ANSWERED,64,2.7,OK,200
100948,IT_1,Italy,ANSWERED,100,5.2,MISSING,200
100635,FR_1,France,NO_ANSWER,0,7.48,MISSING,408
101013,ES_1,Spain,ANSWERED,52,5.75,OK,200
100055,UK_1,United Kingdom,ANSWERED,173,3.14,OK,200
100757,FR_1,France,ANSWERED,27,8.07,OK,200
101173,ES_1,Spain,ANSWERED,140,3.6,OK,200
100087,UK_1,United Kingdom,FAILED,0,1.86,OK,480
100873,IT_1,Italy,NO_ANSWER,0,5.59,OK,408
100745,FR_1,France,NO_ANSWER,0,6.89,OK,408
100775,FR_1,France,FAILED,0,8.64,OK,504
101150,ES_1,Spain,FAILED,0,5.21,MISSING,504
100382,UK_2,United Kingdom,NO_ANSWER,0,4.92,OK,408
101007,ES_1,Spain,ANSWERED,151,3.43,OK,200
100204,UK_2,United Kingdom,NO_ANSWER,0,3.26,OK,408
100239,UK_2,United Kingdom,ANSWERED,45,5.07,OK,200
100837,IT_1,Italy,ANSWERED,91,5.85,OK,200
101164,ES_1,Spain,BUSY,0,6.36,OK,486
100045,UK_1,United Kingdom,ANSWERED,119,1.91,OK,200
100451,DE_1,Germany,FAILED,0,2.61,OK,504
100149,UK_1,United Kingdom,BUSY,0,1.86,OK,486
100638,FR_1,France,NO_ANSWER,0,7.98,OK,408
101050,ES_1,Spain,FAILED,0,5.07,OK,504
101128,ES_1,Spain,NO_ANSWER,0,5.3,OK,408
100841,IT_1,Italy,ANSWERED,27,5.24,MISSING,200
100631,FR_1,France,NO_ANSWER,0,7.9,OK,408
100358,UK_2,United Kingdom,ANSWERED,171,4.63,OK,200
100173,UK_1,United Kingdom,ANSWERED,113,2.86,OK,200
100312,UK_2,United Kingdom,ANSWERED,46,3.41,OK,200
100788,FR_1,France,ANSWERED,31,6.75,OK,200
100024,UK_1,United Kingdom,ANSWERED,63,2.04,OK,200
100671,FR_1,France,FAILED,0,6.02,MISSING,503
100608,FR_1,France,NO_ANSWER,0,6.78,MISSING,408
100352,UK_2,United Kingdom,FAILED,0,3.9,OK,500
100328,UK_2,United Kingdom,ANSWERED,38,3.54,OK,200
101187,ES_1,Spain,BUSY,0,3.06,OK,486
100356,UK_2,United Kingdom,BUSY,0,4.55,OK,486
100374,UK_2,United Kingdom,BUSY,0,3.62,OK,486
100433,DE_1,Germany,ANSWERED,1,2.8,OK,200
100423,DE_1,Germany,ANSWERED,1,1.91,OK,200
100687,FR_1,France,FAILED,0,8.66,OK,503
100115,UK_1,United Kingdom,ANSWERED,166,2.86,OK,200
100091,UK_1,United Kingdom,BUSY,0,1.84,OK,486
100589,DE_1,Germany,NO_ANSWER,0,2.09,OK,408
100946,IT_1,Italy,ANSWERED,123,5.12,OK,200
100701,FR_1,France,ANSWERED,74,6.54,MISSING,200
100331,UK_2,United Kingdom,ANSWERED,113,4.15,OK,200
100440,DE_1,Germany,NO_ANSWER,0,2.26,OK,408
101174,ES_1,Spain,ANSWERED,117,6.44,MISSING,200
100272,UK_2,United Kingdom,BUSY,0,4.0,OK,486
100073,UK_1,United Kingdom,ANSWERED,97,2.39,OK,200
100248,UK_2,United Kingdom,ANSWERED,69,3.37,OK,200
100252,UK_2,United Kingdom,ANSWERED,164,3.55,OK,200
100536,DE_1,Germany,ANSWERED,35,2.59,OK,200
100753,FR_1,France,FAILED,0,7.26,OK,503
100630,FR_1,France,NO_ANSWER,0,7.72,OK,408
100574,DE_1,Germany,ANSWERED,3,2.48,OK,200
100200,UK_2,United Kingdom,ANSWERED,103,4.51,OK,200
100585,DE_1,Germany,ANSWERED,1,1.95,OK,200
100667,FR_1,France,ANSWERED,81,5.94,OK,200
100404,DE_1,Germany,FAILED,0,2.16,OK,500
101072,ES_1,Spain,ANSWERED,121,6.12,OK,200
100405,DE_1,Germany,ANSWERED,2,2.77,OK,200
100984,IT_1,Italy,ANSWERED,54,5.05,OK,200
101102,ES_1,Spain,FAILED,0,4.61,OK,500
100267,UK_2,United Kingdom,ANSWERED,94,5.03,OK,200
101148,ES_1,Spain,ANSWERED,28,5.72,OK,200
101027,ES_1,Spain,ANSWERED,77,6.72,OK,200
100816,IT_1,Italy,ANSWERED,158,5.92,MISSING,200
100174,UK_1,United Kingdom,ANSWERED,123,2.48,OK,200
100537,DE_1,Germany,NO_ANSWER,0,1.67,OK,408
100817,IT_1,Italy,ANSWERED,50,6.23,OK,200
101170,ES_1,Spain,ANSWERED,107,4.65,OK,200
100974,IT_1,Italy,NO_ANSWER,0,6.05,OK,408
100169,UK_1,United Kingdom,ANSWERED,105,2.69,OK,200
100688,FR_1,France,ANSWERED,53,6.37,OK,200
100270,UK_2,United Kingdom,FAILED,0,3.51,OK,504
100303,UK_2,United Kingdom,ANSWERED,45,3.91,OK,200
100807,IT_1,Italy,ANSWERED,126,6.19,OK,200
100593,DE_1,Germany,BUSY,0,2.56,OK,486
100884,IT_1,Italy,FAILED,0,4.66,MISSING,500
101098,ES_1,Spain,NO_ANSWER,0,6.19,OK,408
100184,UK_1,United Kingdom,ANSWERED,82,3.34,OK,200
101127,ES_1,Spain,ANSWERED,100,6.26,OK,200
100912,IT_1,Italy,NO_ANSWER,0,5.45,OK,408
100804,IT_1,Italy,NO_ANSWER,0,6.34,OK,408
100103,UK_1,United Kingdom,ANSWERED,46,2.93,MISSING,200
100313,UK_2,United Kingdom,NO_ANSWER,0,4.99,OK,408
101168,ES_1,Spain,ANSWERED,46,4.04,MISSING,200
101028,ES_1,Spain,FAILED,0,3.39,OK,503
100669,FR_1,France,NO_ANSWER,0,6.07,OK,408
100306,UK_2,United Kingdom,NO_ANSWER,0,3.42,OK,408
100653,FR_1,France,FAILED,0,6.84,OK,503
100084,UK_1,United Kingdom,BUSY,0,3.25,OK,486
100624,FR_1,France,ANSWERED,67,7.85,OK,200
100110,UK_1,United Kingdom,ANSWERED,79,2.78,OK,200
100783,FR_1,France,FAILED,0,7.23,MISSING,500
100023,UK_1,United Kingdom,ANSWERED,70,2.62,OK,200
100464,DE_1,Germany,ANSWERED,119,2.23,OK,200
100246,UK_2,United Kingdom,BUSY,0,3.85,OK,486
100853,IT_1,Italy,NO_ANSWER,0,5.79,OK,408
100889,IT_1,Italy,NO_ANSWER,0,5.24,OK,408
100712,FR_1,France,FAILED,0,8.74,OK,503
100684,FR_1,France,NO_ANSWER,0,7.54,OK,408
100114,UK_1,United Kingdom,BUSY,0,3.07,OK,486
100160,UK_1,United Kingdom,ANSWERED,142,3.12,OK,200
100781,FR_1,France,FAILED,0,6.79,OK,480
100076,UK_1,United Kingdom,ANSWERED,204,1.97,OK,200
101080,ES_1,Spain,NO_ANSWER,0,6.34,OK,408
100195,UK_1,United Kingdom,ANSWERED,94,2.26,OK,200
100999,IT_1,Italy,FAILED,0,4.43,OK,503
100354,UK_2,United Kingdom,ANSWERED,43,3.88,OK,200
100988,IT_1,Italy,ANSWERED,26,5.58,OK,200
101120,ES_1,Spain,FAILED,0,4.31,OK,503
100158,UK_1,United Kingdom,ANSWERED,179,3.05,OK,200
100445,DE_1,Germany,NO_ANSWER,0,2.1,OK,408
100818,IT_1,Italy,ANSWERED,98,6.11,OK,200
100188,UK_1,United Kingdom,ANSWERED,177,3.02,OK,200
101099,ES_1,Spain,FAILED,0,4.82,OK,500
101171,ES_1,Spain,ANSWERED,115,4.84,OK,200
100477,DE_1,Germany,NO_ANSWER,0,2.53,OK,408
100511,DE_1,Germany,ANSWERED,3,1.69,OK,200
100751,FR_1,France,ANSWERED,89,8.16,OK,200
100542,DE_1,Germany,NO_ANSWER,0,2.39,OK,408
100283,UK_2,United Kingdom,BUSY,0,4.55,OK,486
100319,UK_2,United Kingdom,ANSWERED,96,4.46,OK,200
100728,FR_1,France,FAILED,0,7.87,OK,503
100942,IT_1,Italy,NO_ANSWER,0,5.37,MISSING,408
100077,UK_1,United Kingdom,ANSWERED,62,2.99,OK,200
100193,UK_1,United Kingdom,ANSWERED,75,2.18,OK,200
100316,UK_2,United Kingdom,ANSWERED,38,5.33,OK,200
101047,ES_1,Spain,NO_ANSWER,0,4.61,OK,408
100565,DE_1,Germany,FAILED,0,2.36,OK,500
100044,UK_1,United Kingdom,ANSWERED,196,1.89,OK,200
100644,FR_1,France,NO_ANSWER,0,7.55,MISSING,408
100439,DE_1,Germany,ANSWERED,1,2.74,OK,200
100454,DE_1,Germany,ANSWERED,1,2.75,OK,200
100615,FR_1,France,FAILED,0,7.09,OK,503
100013,UK_1,United Kingdom,ANSWERED,128,2.06,OK,200
100618,FR_1,France,NO_ANSWER,0,6.31,MISSING,408
100276,UK_2,United Kingdom,ANSWERED,183,5.15,OK,200
101060,ES_1,Spain,FAILED,0,5.14,OK,503
100033,UK_1,United Kingdom,BUSY,0,3.28,OK,486
100582,DE_1,Germany,ANSWERED,1,1.79,OK,200
100070,UK_1,United Kingdom,ANSWERED,227,3.3,MISSING,200
100000,UK_1,United Kingdom,ANSWERED,41,2.99,OK,200
100813,IT_1,Italy,BUSY,0,4.77,OK,486
100916,IT_1,Italy,ANSWERED,41,4.78,OK,200
100926,IT_1,Italy,ANSWERED,85,4.37,OK,200
100737,FR_1,France,NO_ANSWER,0,7.41,MISSING,408
100520,DE_1,Germany,ANSWERED,3,2.42,OK,200
100768,FR_1,France,NO_ANSWER,0,5.92,OK,408
100438,DE_1,Germany,FAILED,0,1.72,OK,500
100492,DE_1,Germany,ANSWERED,75,1.66,OK,200
100662,FR_1,France,NO_ANSWER,0,8.79,OK,408
100881,IT_1,Italy,FAILED,0,6.39,OK,504
100844,IT_1,Italy,FAILED,0,6.07,OK,503
100761,FR_1,France,FAILED,0,8.64,OK,500
100664,FR_1,France,ANSWERED,66,6.48,MISSING,200
100645,FR_1,France,FAILED,0,6.61,OK,504
100721,FR_1,France,FAILED,0,7.95,MISSING,500
100907,IT_1,Italy,BUSY,0,5.02,OK,486
101093,ES_1,Spain,FAILED,0,3.8,OK,503
100323,UK_2,United Kingdom,NO_ANSWER,0,3.88,OK,408
100691,FR_1,France,NO_ANSWER,0,6.17,MISSING,408
101033,ES_1,Spain,ANSWERED,144,3.82,OK,200
100822,IT_1,Italy,FAILED,0,4.93,OK,480
101126,ES_1,Spain,ANSWERED,54,7.18,OK,200
100369,UK_2,United Kingdom,FAILED,0,3.88,OK,487
100341,UK_2,United Kingdom,ANSWERED,183,4.21,OK,200
100213,UK_2,United Kingdom,BUSY,0,5.1,OK,486
100874,IT_1,Italy,FAILED,0,5.04,MISSING,503
100939,IT_1,Italy,ANSWERED,73,5.78,MISSING,200
100733,FR_1,France,ANSWERED,58,8.26,OK,200
100216,UK_2,United Kingdom,NO_ANSWER,0,3.65,OK,408
100850,IT_1,Italy,BUSY,0,6.16,OK,486
100366,UK_2,United Kingdom,ANSWERED,179,5.12,OK,200
100509,DE_1,Germany,ANSWERED,3,2.68,OK,200
101077,ES_1,Spain,NO_ANSWER,0,3.51,OK,408
100395,UK_2,United Kingdom,ANSWERED,98,5.22,OK,200
101198,ES_1,Spain,FAILED,0,5.53,OK,480
100789,FR_1,France,FAILED,0,7.88,OK,480
101088,ES_1,Spain,ANSWERED,20,7.09,MISSING,200
100473,DE_1,Germany,BUSY,0,2.69,OK,486
100207,UK_2,United Kingdom,ANSWERED,157,4.63,OK,200
100198,UK_1,United Kingdom,BUSY,0,2.48,OK,486
101063,ES_1,Spain,ANSWERED,155,4.69,OK,200
100442,DE_1,Germany,ANSWERED,117,1.87,OK,200
100159,UK_1,United Kingdom,ANSWERED,129,1.91,OK,200
100622,FR_1,France,FAILED,0,7.89,MISSING,480
100144,UK_1,United Kingdom,ANSWERED,144,2.02,OK,200
100083,UK_1,United Kingdom,ANSWERED,178,1.82,OK,200
101083,ES_1,Spain,FAILED,0,4.56,OK,503
100544,DE_1,Germany,ANSWERED,3,2.52,OK,200
100119,UK_1,United Kingdom,BUSY,0,2.72,OK,486
100755,FR_1,France,ANSWERED,80,7.34,OK,200
100851,IT_1,Italy,ANSWERED,86,6.18,OK,200
101142,ES_1,Spain,ANSWERED,25,3.35,OK,200
100739,FR_1,France,FAILED,0,6.39,MISSING,503
100124,UK_1,United Kingdom,ANSWERED,69,3.08,OK,200
100958,IT_1,Italy,BUSY,0,4.55,OK,486
100163,UK_1,United Kingdom,ANSWERED,172,3.04,OK,200
101006,ES_1,Spain,BUSY,0,6.78,OK,486
100427,DE_1,Germany,ANSWERED,1,2.4,OK,200
100026,UK_1,United Kingdom,FAILED,0,2.65,OK,504
100145,UK_1,United Kingdom,ANSWERED,132,2.32,OK,200
100452,DE_1,Germany,FAILED,0,2.54,OK,480
100750,FR_1,France,NO_ANSWER,0,7.69,OK,408
100100,UK_1,United Kingdom,FAILED,0,2.09,OK,503
100524,DE_1,Germany,ANSWERED,1,1.54,MISSING,200
101076,ES_1,Spain,NO_ANSWER,0,6.09,OK,408
101003,ES_1,Spain,ANSWERED,115,7.01,MISSING,200
100795,FR_1,France,ANSWERED,20,7.03,MISSING,200
101169,ES_1,Spain,ANSWERED,22,3.82,MISSING,200
100065,UK_1,United Kingdom,ANSWERED,187,1.91,OK,200
100202,UK_2,United Kingdom,ANSWERED,94,4.3,OK,200
100392,UK_2,United Kingdom,ANSWERED,126,4.3,OK,200
100994,IT_1,Italy,NO_ANSWER,0,5.46,OK,408
100219,UK_2,United Kingdom,ANSWERED,166,4.1,OK,200
100413,DE_1,Germany,FAILED,0,2.44,OK,503
100064,UK_1,United Kingdom,ANSWERED,49,3.34,OK,200
100365,UK_2,United Kingdom,ANSWERED,109,3.41,OK,200
100265,UK_2,United Kingdom,ANSWERED,100,3.92,OK,200
100089,UK_1,United Kingdom,ANSWERED,193,3.0,OK,200
100136,UK_1,United Kingdom,NO_ANSWER,0,3.02,OK,408
101071,ES_1,Spain,ANSWERED,157,4.66,OK,200
100197,UK_1,United Kingdom,ANSWERED,237,2.8,OK,200
100226,UK_2,United Kingdom,ANSWERED,25,3.82,OK,200
100659,FR_1,France,FAILED,0,8.47,OK,503
100839,IT_1,Italy,BUSY,0,4.67,OK,486
100660,FR_1,France,BUSY,0,8.29,MISSING,486
100579,DE_1,Germany,ANSWERED,2,1.98,OK,200
100315,UK_2,United Kingdom,ANSWERED,115,5.12,OK,200
101129,ES_1,Spain,NO_ANSWER,0,3.06,OK,408
101018,ES_1,Spain,BUSY,0,5.62,OK,486
101073,ES_1,Spain,BUSY,0,4.92,OK,486
100388,UK_2,United Kingdom,ANSWERED,51,4.77,OK,200
100793,FR_1,France,BUSY,0,6.62,MISSING,486
